15.0,15.0,10.0,10.0,12.0,11.0,13.0,11.0,11.0,12.0,14.0,12.0,2.0,12.0,14.0,11.0,13.0,10.0,13.0,8.0,11.0,12.0,2.0,14.0,0.0,43.0,551.0,695.0,748.0,750.0,788.0,630.0,481.0,550.0,459.0,356.0,104.0,133.0,162.0,189.0,222.0,182.0,188.0,228.0,220.0,224.0,217.0,221.0,392.0,363.0,363.0,410.0,449.0,448.0,542.0,497.0,608.0,635.0,657.0,690.0,688.0,760.0,751.0,783.0,763.0,699.0,697.0,589.0,400.0,243.0,172.0,189.0,184.0,186.0,186.0,186.0,189.0,303.0,315.0,378.0,404.0,446.0,416.0,351.0,308.0,367.0,261.0,294.0,222.0,237.0,167.0,232.0,147.0,181.0,132.0,143.0,90.0,117.0,99.0,67.0,82.0,56.0,55.0,45.0,51.0,27.0,30.0,17.0,20.0,13.0,8.0,12.0,15.0,13.0,15.0,15.0,15.0,10.0,11.0,11.0,10.0,9.0,13.0,10.0,13.0,11.0,11.0,13.0,14.0,11.0,13.0,14.0,15.0,12.0,2.0,13.0,13.0,14.0,11.0,15.0,13.0,10.0,15.0,14.0,12.0,12.0,10.0,13.0,13.0,10.0,9.0,13.0,7.0,13.0,13.0,13.0,12.0,12.0,13.0,8.0,11.0,14.0,11.0,12.0,12.0,13.0,7.0,13.0,15.0,11.0,14.0,11.0
5.0,14.0,14.0,12.0,12.0,12.0,14.0,13.0,15.0,13.0,12.0,13.0,10.0,10.0,13.0,10.0,14.0,9.0,14.0,6.0,12.0,2.0,11.0,12.0,11.0,13.0,14.0,51.0,615.0,883.0,772.0,814.0,767.0,667.0,623.0,545.0,431.0,384.0,237.0,187.0,202.0,214.0,183.0,192.0,191.0,205.0,204.0,205.0,247.0,456.0,432.0,323.0,409.0,406.0,390.0,563.0,396.0,570.0,532.0,694.0,708.0,785.0,747.0,718.0,769.0,701.0,729.0,433.0,459.0,491.0,248.0,163.0,189.0,163.0,154.0,180.0,180.0,263.0,413.0,348.0,362.0,455.0,525.0,396.0,506.0,473.0,356.0,365.0,230.0,323.0,222.0,276.0,257.0,227.0,231.0,139.0,81.0,112.0,99.0,92.0,99.0,57.0,66.0,45.0,27.0,38.0,14.0,13.0,11.0,13.0,11.0,15.0,9.0,9.0,15.0,14.0,13.0,12.0,6.0,12.0,13.0,4.0,16.0,14.0,10.0,14.0,4.0,11.0,12.0,10.0,13.0,12.0,9.0,14.0,14.0,14.0,11.0,2.0,14.0,10.0,8.0,13.0,10.0,13.0,12.0,15.0,13.0,14.0,12.0,10.0,13.0,12.0,10.0,10.0,11.0,3.0,9.0,16.0,11.0,14.0,13.0,11.0,10.0,14.0,14.0,14.0,14.0,15.0,10.0,14.0,13.0,11.0
15.0,13.0,104.0,132.0,110.0,55.0,43.0,52.0,23.0,27.0,25.0,16.0,16.0,12.0,15.0,15.0,14.0,14.0,13.0,11.0,11.0,29.0,315.0,480.0,656.0,637.0,782.0,603.0,543.0,459.0,437.0,292.0,195.0,231.0,223.0,227.0,222.0,235.0,212.0,222.0,236.0,200.0,241.0,525.0,491.0,429.0,494.0,419.0,569.0,485.0,630.0,455.0,666.0,703.0,691.0,749.0,923.0,831.0,692.0,643.0,621.0,587.0,534.0,389.0,284.0,369.0,206.0,169.0,189.0,188.0,167.0,200.0,194.0,203.0,328.0,240.0,305.0,337.0,405.0,427.0,328.0,318.0,331.0,326.0,416.0,219.0,268.0,235.0,265.0,178.0,199.0,162.0,185.0,128.0,122.0,99.0,85.0,95.0,56.0,85.0,71.0,43.0,57.0,50.0,33.0,28.0,27.0,30.0,37.0,28.0,20.0,20.0,12.0,12.0,14.0,14.0,15.0,14.0,12.0,12.0,11.0,12.0,9.0,14.0,13.0,12.0,13.0,12.0,13.0,14.0,12.0,12.0,8.0,10.0,15.0,14.0,10.0,6.0,9.0,13.0,10.0,8.0,7.0,11.0,14.0,12.0,13.0,13.0,6.0,12.0,10.0,15.0,5.0,15.0,14.0,3.0,9.0,9.0,4.0,10.0,13.0,10.0,6.0,15.0,17.0,13.0,28.0,8.0,7.0,7.0,39.0,14.0
15.0,10.0,14.0,13.0,11.0,8.0,9.0,11.0,17.0,67.0,63.0,69.0,56.0,55.0,42.0,23.0,23.0,16.0,32.0,57.0,181.0,199.0,205.0,167.0,155.0,70.0,122.0,89.0,165.0,536.0,534.0,608.0,515.0,707.0,563.0,510.0,510.0,406.0,239.0,231.0,259.0,267.0,248.0,267.0,247.0,261.0,228.0,225.0,235.0,449.0,564.0,525.0,526.0,476.0,634.0,525.0,455.0,773.0,720.0,663.0,743.0,727.0,634.0,613.0,682.0,545.0,606.0,417.0,485.0,450.0,276.0,205.0,196.0,213.0,206.0,214.0,178.0,193.0,330.0,310.0,300.0,288.0,380.0,369.0,358.0,383.0,296.0,153.0,197.0,258.0,165.0,217.0,170.0,160.0,181.0,125.0,156.0,117.0,107.0,91.0,98.0,92.0,75.0,41.0,53.0,47.0,39.0,33.0,42.0,23.0,18.0,13.0,11.0,8.0,6.0,10.0,9.0,10.0,7.0,14.0,7.0,13.0,7.0,13.0,7.0,14.0,4.0,12.0,10.0,10.0,5.0,7.0,13.0,5.0,13.0,13.0,12.0,6.0,10.0,4.0,13.0,14.0,14.0,15.0,4.0,3.0,8.0,15.0,12.0,11.0,12.0,6.0,12.0,11.0,12.0,15.0,9.0,14.0,7.0,0.0,11.0,11.0,15.0,7.0,6.0,10.0,0.0,9.0,13.0,12.0,7.0,11.0
12.0,13.0,9.0,11.0,14.0,13.0,11.0,9.0,10.0,14.0,15.0,15.0,12.0,12.0,13.0,12.0,11.0,8.0,23.0,29.0,14.0,13.0,12.0,14.0,13.0,11.0,12.0,104.0,706.0,856.0,505.0,464.0,483.0,434.0,402.0,433.0,428.0,220.0,244.0,251.0,244.0,248.0,265.0,247.0,245.0,257.0,241.0,226.0,231.0,488.0,525.0,420.0,538.0,502.0,404.0,525.0,563.0,397.0,424.0,547.0,560.0,496.0,656.0,566.0,540.0,622.0,465.0,311.0,376.0,356.0,244.0,193.0,220.0,195.0,203.0,212.0,209.0,288.0,311.0,327.0,371.0,304.0,341.0,367.0,371.0,239.0,363.0,247.0,220.0,194.0,237.0,258.0,193.0,226.0,179.0,161.0,162.0,95.0,142.0,94.0,112.0,61.0,59.0,49.0,38.0,36.0,47.0,24.0,22.0,17.0,14.0,9.0,13.0,7.0,13.0,13.0,12.0,14.0,11.0,4.0,14.0,12.0,12.0,10.0,12.0,13.0,11.0,4.0,12.0,13.0,12.0,13.0,12.0,12.0,4.0,11.0,3.0,2.0,12.0,11.0,12.0,12.0,13.0,10.0,11.0,11.0,13.0,13.0,14.0,12.0,14.0,14.0,7.0,11.0,11.0,12.0,13.0,14.0,13.0,9.0,12.0,12.0,15.0,14.0,12.0,14.0,10.0,13.0,9.0,6.0,12.0,14.0
12.0,14.0,12.0,14.0,13.0,6.0,14.0,16.0,9.0,13.0,11.0,11.0,14.0,13.0,8.0,10.0,12.0,14.0,15.0,11.0,14.0,9.0,67.0,711.0,786.0,648.0,694.0,651.0,780.0,725.0,545.0,444.0,177.0,227.0,244.0,240.0,236.0,249.0,247.0,237.0,242.0,262.0,256.0,247.0,259.0,439.0,416.0,523.0,492.0,334.0,530.0,611.0,518.0,663.0,806.0,789.0,805.0,722.0,768.0,788.0,828.0,769.0,696.0,688.0,686.0,586.0,421.0,198.0,209.0,233.0,201.0,225.0,217.0,220.0,306.0,290.0,386.0,431.0,585.0,401.0,485.0,577.0,520.0,421.0,643.0,424.0,402.0,367.0,325.0,435.0,378.0,239.0,250.0,171.0,206.0,160.0,139.0,115.0,115.0,80.0,84.0,62.0,60.0,46.0,37.0,44.0,16.0,12.0,17.0,10.0,13.0,13.0,12.0,13.0,11.0,9.0,10.0,12.0,13.0,12.0,14.0,0.0,14.0,11.0,14.0,10.0,10.0,7.0,12.0,14.0,13.0,11.0,9.0,0.0,11.0,15.0,15.0,4.0,11.0,12.0,11.0,14.0,12.0,2.0,10.0,11.0,13.0,15.0,12.0,11.0,10.0,13.0,15.0,13.0,8.0,13.0,17.0,15.0,11.0,14.0,10.0,16.0,9.0,14.0,11.0,3.0,7.0,11.0,6.0,14.0,11.0,14.0
9.0,14.0,10.0,13.0,14.0,12.0,13.0,13.0,11.0,13.0,14.0,11.0,9.0,11.0,12.0,13.0,12.0,12.0,9.0,13.0,10.0,12.0,14.0,14.0,13.0,10.0,25.0,34.0,130.0,754.0,754.0,784.0,847.0,829.0,808.0,738.0,637.0,575.0,575.0,511.0,152.0,222.0,249.0,250.0,249.0,250.0,257.0,249.0,240.0,240.0,250.0,225.0,226.0,250.0,387.0,535.0,457.0,489.0,550.0,581.0,648.0,745.0,769.0,684.0,652.0,854.0,828.0,828.0,774.0,715.0,769.0,762.0,431.0,566.0,584.0,393.0,230.0,220.0,228.0,209.0,213.0,208.0,217.0,287.0,380.0,295.0,283.0,414.0,429.0,346.0,489.0,536.0,333.0,532.0,470.0,386.0,381.0,324.0,367.0,400.0,316.0,323.0,162.0,247.0,140.0,148.0,106.0,87.0,90.0,68.0,56.0,42.0,45.0,38.0,50.0,12.0,12.0,15.0,13.0,13.0,12.0,6.0,9.0,15.0,11.0,12.0,15.0,13.0,19.0,20.0,19.0,19.0,10.0,15.0,14.0,14.0,15.0,15.0,17.0,14.0,13.0,13.0,14.0,11.0,13.0,13.0,14.0,19.0,14.0,8.0,11.0,10.0,16.0,11.0,14.0,18.0,14.0,19.0,17.0,20.0,15.0,15.0,20.0,11.0,9.0,8.0,13.0,17.0,13.0,12.0,12.0,14.0
12.0,10.0,11.0,11.0,11.0,13.0,13.0,12.0,12.0,14.0,14.0,12.0,13.0,13.0,6.0,14.0,15.0,13.0,10.0,13.0,15.0,15.0,9.0,11.0,9.0,14.0,14.0,10.0,12.0,159.0,887.0,682.0,590.0,588.0,715.0,688.0,685.0,603.0,495.0,258.0,174.0,207.0,215.0,218.0,228.0,236.0,239.0,228.0,220.0,215.0,219.0,312.0,531.0,531.0,472.0,429.0,465.0,538.0,424.0,450.0,583.0,642.0,729.0,580.0,563.0,633.0,650.0,590.0,519.0,407.0,320.0,243.0,142.0,201.0,207.0,193.0,206.0,215.0,213.0,231.0,296.0,279.0,336.0,358.0,340.0,295.0,323.0,303.0,342.0,335.0,296.0,306.0,252.0,176.0,236.0,158.0,167.0,165.0,113.0,188.0,135.0,132.0,89.0,77.0,79.0,49.0,52.0,37.0,33.0,28.0,19.0,17.0,14.0,7.0,11.0,10.0,10.0,13.0,15.0,12.0,9.0,12.0,1.0,11.0,15.0,11.0,8.0,11.0,15.0,3.0,14.0,15.0,10.0,9.0,14.0,10.0,13.0,5.0,13.0,9.0,12.0,10.0,12.0,15.0,3.0,11.0,14.0,10.0,13.0,14.0,15.0,13.0,15.0,10.0,17.0,17.0,15.0,12.0,15.0,12.0,14.0,8.0,14.0,7.0,13.0,9.0,12.0,12.0,11.0,11.0,15.0,17.0
12.0,13.0,12.0,14.0,13.0,13.0,12.0,12.0,14.0,12.0,10.0,9.0,9.0,11.0,13.0,15.0,14.0,12.0,9.0,12.0,13.0,2.0,242.0,1226.0,735.0,864.0,836.0,875.0,659.0,864.0,900.0,791.0,674.0,396.0,212.0,228.0,255.0,267.0,269.0,272.0,269.0,271.0,266.0,259.0,319.0,603.0,644.0,571.0,544.0,561.0,506.0,307.0,445.0,688.0,739.0,733.0,769.0,783.0,750.0,693.0,703.0,656.0,564.0,543.0,474.0,350.0,187.0,194.0,192.0,193.0,180.0,199.0,204.0,223.0,332.0,314.0,366.0,336.0,401.0,359.0,216.0,360.0,251.0,252.0,256.0,250.0,201.0,188.0,161.0,140.0,119.0,119.0,100.0,98.0,64.0,74.0,84.0,72.0,62.0,49.0,55.0,57.0,26.0,43.0,29.0,28.0,24.0,23.0,19.0,16.0,15.0,9.0,15.0,11.0,12.0,14.0,7.0,12.0,12.0,13.0,15.0,11.0,12.0,10.0,11.0,12.0,12.0,11.0,15.0,14.0,15.0,13.0,12.0,11.0,14.0,9.0,13.0,14.0,14.0,11.0,14.0,14.0,14.0,15.0,12.0,12.0,9.0,12.0,12.0,12.0,12.0,13.0,9.0,12.0,13.0,10.0,13.0,11.0,9.0,10.0,11.0,12.0,13.0,15.0,15.0,8.0,14.0,12.0,15.0,11.0,9.0,13.0
14.0,13.0,10.0,12.0,13.0,11.0,11.0,14.0,11.0,12.0,9.0,13.0,15.0,14.0,2.0,12.0,11.0,15.0,14.0,0.0,10.0,12.0,12.0,76.0,430.0,734.0,614.0,636.0,706.0,750.0,792.0,723.0,694.0,441.0,153.0,175.0,198.0,219.0,221.0,220.0,235.0,244.0,237.0,227.0,222.0,232.0,473.0,691.0,622.0,589.0,603.0,637.0,676.0,710.0,694.0,825.0,808.0,816.0,774.0,629.0,763.0,672.0,611.0,517.0,479.0,449.0,374.0,290.0,193.0,209.0,208.0,217.0,219.0,192.0,261.0,304.0,332.0,292.0,322.0,329.0,304.0,326.0,309.0,242.0,322.0,278.0,222.0,245.0,218.0,127.0,241.0,214.0,124.0,171.0,110.0,122.0,76.0,69.0,63.0,44.0,63.0,44.0,34.0,39.0,34.0,25.0,21.0,15.0,15.0,12.0,11.0,12.0,13.0,18.0,11.0,11.0,14.0,2.0,11.0,12.0,14.0,10.0,2.0,12.0,11.0,13.0,16.0,16.0,19.0,14.0,17.0,22.0,17.0,20.0,17.0,19.0,18.0,16.0,12.0,19.0,15.0,14.0,9.0,15.0,12.0,17.0,16.0,15.0,14.0,16.0,6.0,11.0,15.0,10.0,14.0,16.0,13.0,15.0,14.0,10.0,14.0,12.0,21.0,16.0,15.0,10.0,14.0,15.0,15.0,11.0,13.0,13.0
14.0,8.0,12.0,10.0,11.0,14.0,13.0,13.0,14.0,10.0,9.0,12.0,12.0,15.0,13.0,12.0,13.0,12.0,11.0,13.0,13.0,11.0,14.0,6.0,10.0,12.0,12.0,13.0,13.0,39.0,654.0,992.0,579.0,817.0,696.0,807.0,781.0,592.0,519.0,521.0,253.0,218.0,245.0,251.0,238.0,226.0,215.0,212.0,209.0,210.0,211.0,294.0,568.0,606.0,524.0,489.0,441.0,474.0,448.0,494.0,625.0,599.0,769.0,699.0,674.0,689.0,668.0,568.0,592.0,559.0,484.0,421.0,355.0,279.0,169.0,189.0,194.0,198.0,211.0,205.0,230.0,347.0,323.0,358.0,417.0,403.0,354.0,370.0,280.0,331.0,220.0,311.0,339.0,172.0,322.0,338.0,230.0,288.0,217.0,248.0,165.0,101.0,97.0,68.0,109.0,88.0,83.0,83.0,48.0,34.0,46.0,23.0,19.0,16.0,11.0,14.0,14.0,13.0,10.0,14.0,13.0,11.0,14.0,10.0,14.0,11.0,10.0,14.0,14.0,14.0,12.0,11.0,7.0,13.0,12.0,17.0,16.0,11.0,12.0,13.0,6.0,11.0,15.0,14.0,14.0,14.0,14.0,13.0,11.0,11.0,12.0,14.0,10.0,14.0,15.0,2.0,10.0,11.0,12.0,14.0,15.0,7.0,13.0,8.0,12.0,5.0,12.0,13.0,10.0,10.0,14.0,12.0
12.0,11.0,11.0,10.0,13.0,13.0,13.0,10.0,12.0,14.0,15.0,14.0,12.0,11.0,10.0,14.0,9.0,8.0,12.0,2.0,11.0,2.0,13.0,14.0,14.0,8.0,10.0,86.0,462.0,552.0,745.0,684.0,599.0,640.0,650.0,725.0,627.0,630.0,472.0,220.0,221.0,229.0,236.0,235.0,228.0,229.0,225.0,230.0,237.0,428.0,685.0,639.0,683.0,702.0,763.0,760.0,806.0,780.0,693.0,697.0,780.0,714.0,711.0,741.0,656.0,795.0,684.0,670.0,571.0,466.0,451.0,443.0,358.0,189.0,209.0,221.0,207.0,205.0,226.0,219.0,361.0,344.0,392.0,309.0,273.0,356.0,263.0,314.0,295.0,383.0,288.0,288.0,276.0,293.0,227.0,287.0,221.0,127.0,161.0,148.0,121.0,104.0,70.0,84.0,61.0,68.0,50.0,34.0,42.0,41.0,36.0,37.0,24.0,22.0,18.0,14.0,10.0,11.0,15.0,13.0,10.0,9.0,11.0,14.0,14.0,14.0,12.0,12.0,13.0,3.0,12.0,14.0,11.0,10.0,11.0,11.0,11.0,14.0,12.0,9.0,13.0,15.0,13.0,14.0,10.0,10.0,15.0,11.0,11.0,15.0,13.0,13.0,14.0,11.0,11.0,12.0,11.0,11.0,7.0,13.0,12.0,2.0,12.0,9.0,12.0,12.0,14.0,10.0,14.0,12.0,12.0,12.0
15.0,15.0,12.0,14.0,5.0,14.0,14.0,13.0,10.0,14.0,15.0,14.0,14.0,13.0,14.0,15.0,8.0,15.0,8.0,15.0,15.0,12.0,13.0,12.0,12.0,14.0,14.0,13.0,11.0,17.0,42.0,296.0,895.0,884.0,876.0,1016.0,862.0,942.0,823.0,891.0,881.0,842.0,404.0,250.0,274.0,273.0,291.0,285.0,278.0,270.0,265.0,269.0,277.0,587.0,756.0,652.0,645.0,620.0,577.0,488.0,404.0,498.0,547.0,559.0,598.0,698.0,716.0,591.0,596.0,464.0,535.0,476.0,359.0,202.0,212.0,218.0,230.0,233.0,230.0,237.0,244.0,322.0,400.0,328.0,312.0,305.0,323.0,324.0,427.0,276.0,432.0,283.0,327.0,326.0,263.0,252.0,182.0,316.0,204.0,144.0,115.0,105.0,88.0,66.0,78.0,53.0,59.0,42.0,55.0,47.0,34.0,42.0,46.0,33.0,32.0,31.0,29.0,23.0,21.0,21.0,13.0,13.0,15.0,9.0,15.0,10.0,14.0,15.0,14.0,9.0,13.0,11.0,15.0,12.0,2.0,5.0,13.0,13.0,0.0,15.0,9.0,6.0,9.0,12.0,10.0,12.0,9.0,15.0,15.0,10.0,12.0,10.0,11.0,11.0,13.0,12.0,12.0,15.0,10.0,14.0,10.0,8.0,12.0,8.0,15.0,19.0,12.0,16.0,32.0,38.0,34.0,19.0
13.0,10.0,12.0,11.0,12.0,13.0,11.0,11.0,12.0,14.0,5.0,13.0,15.0,9.0,12.0,12.0,10.0,13.0,14.0,13.0,13.0,2.0,13.0,14.0,105.0,484.0,739.0,688.0,801.0,854.0,848.0,604.0,554.0,510.0,440.0,299.0,199.0,230.0,238.0,236.0,222.0,222.0,205.0,224.0,213.0,217.0,320.0,627.0,582.0,536.0,556.0,636.0,738.0,808.0,870.0,796.0,828.0,830.0,811.0,732.0,724.0,697.0,670.0,716.0,649.0,617.0,541.0,411.0,186.0,236.0,223.0,222.0,228.0,235.0,228.0,271.0,432.0,314.0,377.0,366.0,378.0,372.0,372.0,355.0,236.0,265.0,235.0,203.0,277.0,152.0,212.0,121.0,149.0,123.0,108.0,91.0,81.0,90.0,58.0,60.0,54.0,43.0,41.0,53.0,36.0,48.0,32.0,43.0,36.0,27.0,30.0,22.0,17.0,17.0,10.0,18.0,16.0,17.0,21.0,14.0,19.0,12.0,17.0,12.0,13.0,15.0,11.0,14.0,13.0,10.0,10.0,7.0,14.0,15.0,13.0,13.0,8.0,6.0,9.0,8.0,13.0,19.0,17.0,12.0,10.0,19.0,14.0,17.0,14.0,18.0,13.0,15.0,10.0,13.0,15.0,13.0,14.0,16.0,12.0,15.0,14.0,14.0,11.0,10.0,11.0,15.0,8.0,15.0,2.0,12.0,7.0,3.0
13.0,13.0,13.0,13.0,10.0,4.0,11.0,9.0,9.0,10.0,13.0,5.0,13.0,14.0,15.0,10.0,7.0,13.0,8.0,10.0,10.0,15.0,445.0,818.0,859.0,588.0,700.0,644.0,777.0,726.0,879.0,820.0,819.0,627.0,219.0,249.0,271.0,273.0,258.0,258.0,244.0,238.0,246.0,250.0,452.0,667.0,592.0,600.0,658.0,660.0,763.0,816.0,915.0,938.0,929.0,862.0,881.0,964.0,878.0,699.0,785.0,787.0,601.0,487.0,336.0,206.0,219.0,229.0,224.0,220.0,218.0,212.0,425.0,376.0,310.0,430.0,435.0,375.0,408.0,454.0,421.0,405.0,386.0,397.0,354.0,258.0,353.0,559.0,339.0,257.0,216.0,252.0,245.0,238.0,239.0,187.0,127.0,160.0,128.0,89.0,108.0,60.0,44.0,64.0,40.0,42.0,32.0,35.0,27.0,24.0,19.0,11.0,15.0,9.0,15.0,7.0,6.0,15.0,11.0,13.0,10.0,11.0,14.0,0.0,11.0,14.0,9.0,2.0,12.0,15.0,12.0,13.0,9.0,13.0,13.0,14.0,15.0,11.0,14.0,10.0,11.0,14.0,13.0,12.0,14.0,13.0,13.0,13.0,11.0,13.0,12.0,14.0,13.0,14.0,10.0,13.0,2.0,13.0,4.0,14.0,15.0,11.0,13.0,11.0,15.0,10.0,6.0,11.0,15.0,11.0,12.0,10.0
15.0,13.0,12.0,13.0,8.0,11.0,13.0,12.0,12.0,11.0,12.0,12.0,4.0,10.0,12.0,14.0,10.0,15.0,14.0,10.0,11.0,12.0,13.0,12.0,14.0,514.0,1239.0,873.0,840.0,822.0,626.0,597.0,639.0,667.0,578.0,437.0,199.0,239.0,250.0,249.0,246.0,239.0,238.0,236.0,235.0,230.0,276.0,602.0,627.0,489.0,487.0,487.0,544.0,674.0,805.0,707.0,708.0,601.0,665.0,898.0,739.0,653.0,589.0,869.0,619.0,684.0,531.0,443.0,405.0,179.0,180.0,190.0,205.0,205.0,224.0,224.0,224.0,308.0,363.0,453.0,426.0,524.0,525.0,547.0,408.0,543.0,373.0,405.0,359.0,393.0,343.0,378.0,233.0,256.0,212.0,257.0,185.0,147.0,171.0,144.0,129.0,79.0,67.0,67.0,45.0,48.0,35.0,39.0,28.0,42.0,38.0,25.0,14.0,14.0,13.0,10.0,14.0,14.0,4.0,13.0,15.0,15.0,9.0,13.0,10.0,14.0,12.0,11.0,13.0,11.0,12.0,13.0,15.0,15.0,13.0,9.0,11.0,5.0,2.0,15.0,15.0,8.0,11.0,12.0,8.0,13.0,13.0,13.0,14.0,11.0,4.0,7.0,15.0,11.0,12.0,15.0,11.0,12.0,11.0,12.0,10.0,13.0,12.0,9.0,12.0,2.0,2.0,13.0,11.0,11.0,6.0,11.0
14.0,14.0,12.0,11.0,15.0,12.0,12.0,8.0,4.0,13.0,15.0,15.0,15.0,13.0,15.0,10.0,15.0,9.0,11.0,11.0,14.0,12.0,12.0,13.0,14.0,11.0,11.0,11.0,14.0,15.0,9.0,11.0,2.0,14.0,13.0,22.0,721.0,757.0,803.0,713.0,710.0,749.0,768.0,630.0,667.0,550.0,312.0,193.0,233.0,240.0,252.0,258.0,265.0,263.0,266.0,266.0,255.0,252.0,263.0,534.0,674.0,628.0,589.0,695.0,686.0,828.0,874.0,695.0,841.0,864.0,888.0,827.0,797.0,785.0,815.0,638.0,781.0,444.0,534.0,465.0,215.0,210.0,202.0,199.0,223.0,219.0,206.0,226.0,248.0,384.0,390.0,442.0,420.0,411.0,443.0,250.0,310.0,282.0,296.0,344.0,304.0,377.0,246.0,295.0,219.0,231.0,248.0,132.0,116.0,123.0,126.0,97.0,53.0,64.0,35.0,45.0,40.0,18.0,24.0,23.0,10.0,12.0,13.0,15.0,4.0,11.0,13.0,10.0,12.0,12.0,13.0,15.0,11.0,9.0,13.0,13.0,13.0,12.0,15.0,12.0,15.0,13.0,9.0,15.0,11.0,9.0,11.0,15.0,15.0,11.0,12.0,12.0,14.0,11.0,12.0,4.0,13.0,9.0,14.0,12.0,14.0,10.0,12.0,10.0,8.0,9.0,12.0,10.0,3.0,7.0,10.0,16.0
11.0,11.0,10.0,15.0,14.0,13.0,8.0,14.0,14.0,13.0,14.0,15.0,12.0,14.0,10.0,14.0,13.0,9.0,14.0,13.0,10.0,12.0,15.0,15.0,13.0,12.0,14.0,14.0,13.0,11.0,8.0,8.0,56.0,167.0,1168.0,645.0,851.0,849.0,1121.0,1145.0,934.0,857.0,1040.0,778.0,821.0,706.0,707.0,395.0,202.0,232.0,244.0,253.0,240.0,222.0,219.0,224.0,213.0,207.0,212.0,301.0,556.0,553.0,618.0,522.0,413.0,575.0,765.0,704.0,610.0,509.0,600.0,714.0,827.0,671.0,490.0,557.0,507.0,281.0,151.0,193.0,197.0,205.0,190.0,198.0,223.0,190.0,292.0,362.0,363.0,412.0,317.0,412.0,412.0,492.0,526.0,456.0,554.0,502.0,377.0,413.0,521.0,287.0,275.0,383.0,218.0,345.0,279.0,222.0,193.0,210.0,109.0,161.0,140.0,85.0,95.0,71.0,50.0,47.0,50.0,32.0,31.0,25.0,20.0,14.0,8.0,4.0,2.0,6.0,11.0,9.0,14.0,13.0,12.0,15.0,11.0,11.0,7.0,15.0,8.0,13.0,11.0,15.0,12.0,14.0,14.0,7.0,4.0,13.0,9.0,12.0,10.0,15.0,15.0,12.0,12.0,10.0,12.0,2.0,8.0,12.0,15.0,12.0,9.0,14.0,6.0,6.0,14.0,10.0,6.0,12.0,8.0,14.0
11.0,13.0,11.0,9.0,7.0,13.0,13.0,11.0,15.0,13.0,14.0,15.0,12.0,15.0,17.0,11.0,13.0,13.0,12.0,9.0,13.0,11.0,13.0,12.0,13.0,12.0,13.0,12.0,129.0,787.0,683.0,528.0,616.0,660.0,671.0,713.0,725.0,664.0,637.0,464.0,198.0,227.0,240.0,245.0,241.0,239.0,242.0,245.0,240.0,247.0,249.0,251.0,235.0,456.0,746.0,727.0,665.0,783.0,792.0,721.0,849.0,746.0,986.0,811.0,867.0,804.0,840.0,677.0,892.0,512.0,623.0,616.0,331.0,384.0,309.0,159.0,195.0,199.0,210.0,197.0,218.0,214.0,256.0,400.0,375.0,296.0,359.0,450.0,408.0,509.0,398.0,470.0,387.0,316.0,376.0,314.0,324.0,327.0,319.0,249.0,197.0,226.0,161.0,191.0,110.0,113.0,119.0,57.0,74.0,45.0,37.0,38.0,34.0,33.0,33.0,25.0,13.0,10.0,15.0,11.0,14.0,13.0,12.0,13.0,12.0,14.0,9.0,12.0,15.0,11.0,8.0,10.0,2.0,2.0,9.0,14.0,6.0,14.0,14.0,15.0,14.0,12.0,13.0,13.0,13.0,12.0,11.0,9.0,8.0,12.0,14.0,11.0,0.0,11.0,12.0,10.0,14.0,12.0,11.0,11.0,12.0,10.0,11.0,13.0,7.0,15.0,2.0,10.0,11.0,15.0,11.0,0.0
15.0,15.0,12.0,11.0,13.0,13.0,13.0,10.0,8.0,9.0,13.0,10.0,14.0,13.0,16.0,9.0,13.0,11.0,13.0,13.0,12.0,12.0,14.0,0.0,7.0,360.0,527.0,692.0,975.0,769.0,714.0,803.0,784.0,773.0,657.0,717.0,597.0,251.0,219.0,235.0,225.0,227.0,241.0,251.0,244.0,227.0,218.0,233.0,240.0,284.0,593.0,739.0,594.0,593.0,674.0,617.0,614.0,703.0,740.0,773.0,754.0,769.0,746.0,769.0,675.0,531.0,653.0,558.0,569.0,476.0,403.0,400.0,222.0,185.0,203.0,194.0,183.0,200.0,186.0,190.0,212.0,328.0,309.0,297.0,269.0,338.0,335.0,362.0,270.0,363.0,345.0,324.0,374.0,271.0,279.0,227.0,247.0,147.0,235.0,105.0,150.0,111.0,76.0,97.0,83.0,56.0,69.0,50.0,45.0,47.0,47.0,37.0,49.0,35.0,37.0,24.0,17.0,12.0,5.0,14.0,13.0,14.0,13.0,10.0,3.0,14.0,13.0,14.0,10.0,12.0,11.0,15.0,4.0,11.0,15.0,13.0,5.0,9.0,3.0,14.0,8.0,10.0,12.0,11.0,1.0,5.0,8.0,11.0,15.0,6.0,9.0,13.0,9.0,7.0,1.0,9.0,11.0,13.0,10.0,14.0,11.0,9.0,8.0,3.0,7.0,12.0,5.0,3.0,9.0,7.0,14.0,6.0
14.0,13.0,11.0,12.0,14.0,7.0,8.0,12.0,12.0,15.0,15.0,13.0,14.0,11.0,10.0,15.0,12.0,15.0,14.0,15.0,13.0,13.0,15.0,14.0,12.0,10.0,8.0,11.0,11.0,12.0,9.0,15.0,13.0,404.0,788.0,735.0,611.0,756.0,894.0,810.0,766.0,786.0,709.0,703.0,700.0,538.0,266.0,217.0,222.0,226.0,238.0,246.0,256.0,250.0,226.0,199.0,224.0,285.0,559.0,710.0,683.0,742.0,703.0,658.0,718.0,687.0,655.0,707.0,652.0,720.0,714.0,646.0,736.0,580.0,635.0,538.0,461.0,430.0,235.0,206.0,195.0,226.0,199.0,208.0,232.0,230.0,224.0,221.0,229.0,338.0,430.0,443.0,246.0,406.0,337.0,344.0,375.0,329.0,302.0,318.0,324.0,335.0,307.0,368.0,197.0,328.0,219.0,220.0,152.0,122.0,182.0,143.0,100.0,94.0,56.0,72.0,51.0,39.0,41.0,48.0,38.0,46.0,39.0,27.0,32.0,19.0,16.0,10.0,11.0,15.0,9.0,14.0,11.0,5.0,11.0,13.0,13.0,12.0,10.0,5.0,12.0,4.0,13.0,4.0,9.0,13.0,8.0,11.0,13.0,4.0,14.0,15.0,11.0,12.0,9.0,12.0,11.0,15.0,6.0,15.0,13.0,4.0,9.0,13.0,12.0,14.0,12.0,13.0,13.0,14.0,13.0,10.0
11.0,9.0,11.0,11.0,11.0,12.0,11.0,6.0,9.0,15.0,8.0,10.0,12.0,12.0,13.0,15.0,10.0,12.0,9.0,14.0,9.0,12.0,9.0,10.0,27.0,405.0,553.0,704.0,722.0,666.0,800.0,611.0,601.0,620.0,612.0,371.0,256.0,260.0,256.0,253.0,240.0,239.0,255.0,263.0,266.0,289.0,626.0,704.0,662.0,635.0,616.0,650.0,662.0,681.0,712.0,819.0,878.0,893.0,885.0,878.0,860.0,869.0,841.0,712.0,610.0,442.0,293.0,293.0,251.0,164.0,196.0,224.0,214.0,214.0,210.0,215.0,276.0,334.0,254.0,389.0,342.0,371.0,256.0,253.0,207.0,245.0,238.0,215.0,216.0,229.0,213.0,149.0,231.0,204.0,127.0,198.0,123.0,136.0,102.0,84.0,73.0,60.0,57.0,41.0,48.0,56.0,36.0,39.0,28.0,23.0,18.0,17.0,10.0,13.0,12.0,15.0,15.0,12.0,14.0,12.0,15.0,15.0,14.0,11.0,10.0,11.0,10.0,13.0,10.0,10.0,13.0,12.0,14.0,15.0,14.0,14.0,10.0,13.0,11.0,10.0,14.0,13.0,10.0,13.0,15.0,13.0,14.0,11.0,10.0,13.0,15.0,9.0,4.0,11.0,14.0,6.0,8.0,11.0,11.0,10.0,13.0,12.0,9.0,11.0,13.0,13.0,3.0,12.0,15.0,11.0,13.0,9.0
13.0,12.0,15.0,11.0,13.0,15.0,15.0,2.0,12.0,8.0,10.0,12.0,14.0,14.0,10.0,13.0,14.0,14.0,12.0,12.0,14.0,10.0,12.0,12.0,14.0,27.0,307.0,543.0,691.0,706.0,765.0,789.0,781.0,734.0,657.0,706.0,631.0,467.0,206.0,235.0,226.0,226.0,224.0,216.0,214.0,212.0,202.0,198.0,202.0,354.0,469.0,392.0,408.0,436.0,457.0,426.0,434.0,504.0,584.0,697.0,712.0,765.0,739.0,655.0,613.0,681.0,620.0,551.0,450.0,387.0,404.0,342.0,170.0,191.0,203.0,213.0,208.0,214.0,209.0,223.0,236.0,278.0,279.0,323.0,259.0,249.0,286.0,270.0,281.0,280.0,278.0,300.0,215.0,292.0,174.0,165.0,186.0,165.0,187.0,125.0,99.0,128.0,88.0,104.0,64.0,82.0,64.0,53.0,48.0,50.0,49.0,43.0,40.0,47.0,40.0,34.0,32.0,21.0,15.0,14.0,14.0,10.0,14.0,13.0,4.0,12.0,11.0,12.0,11.0,11.0,12.0,15.0,6.0,12.0,14.0,15.0,11.0,13.0,2.0,9.0,11.0,11.0,12.0,15.0,11.0,12.0,14.0,12.0,11.0,11.0,15.0,10.0,12.0,13.0,14.0,10.0,12.0,8.0,12.0,12.0,13.0,10.0,13.0,15.0,13.0,6.0,12.0,5.0,2.0,15.0,14.0,13.0
17.0,17.0,12.0,8.0,10.0,13.0,14.0,14.0,10.0,16.0,10.0,15.0,9.0,13.0,16.0,17.0,12.0,11.0,13.0,13.0,11.0,11.0,12.0,12.0,310.0,541.0,458.0,435.0,554.0,708.0,743.0,668.0,500.0,431.0,191.0,211.0,221.0,216.0,222.0,224.0,224.0,228.0,222.0,233.0,223.0,228.0,354.0,611.0,534.0,370.0,489.0,564.0,535.0,515.0,552.0,746.0,713.0,730.0,794.0,739.0,730.0,657.0,687.0,647.0,479.0,419.0,519.0,439.0,311.0,130.0,159.0,190.0,182.0,179.0,177.0,189.0,185.0,203.0,218.0,207.0,233.0,342.0,191.0,240.0,233.0,188.0,201.0,231.0,139.0,166.0,239.0,140.0,172.0,117.0,155.0,144.0,88.0,92.0,77.0,88.0,72.0,67.0,66.0,51.0,54.0,38.0,40.0,35.0,37.0,26.0,15.0,13.0,14.0,13.0,14.0,10.0,10.0,13.0,13.0,11.0,10.0,11.0,10.0,9.0,9.0,15.0,12.0,13.0,12.0,12.0,13.0,13.0,11.0,13.0,11.0,12.0,12.0,14.0,4.0,15.0,10.0,11.0,12.0,13.0,9.0,13.0,14.0,14.0,15.0,14.0,14.0,11.0,13.0,11.0,13.0,14.0,13.0,13.0,11.0,14.0,12.0,15.0,11.0,9.0,10.0,12.0,12.0,12.0,4.0,2.0,13.0,14.0
14.0,13.0,5.0,13.0,12.0,14.0,11.0,11.0,11.0,12.0,10.0,6.0,9.0,13.0,15.0,14.0,9.0,15.0,13.0,8.0,11.0,13.0,13.0,13.0,11.0,3.0,14.0,14.0,36.0,275.0,525.0,294.0,550.0,579.0,730.0,676.0,636.0,653.0,619.0,494.0,261.0,177.0,233.0,243.0,235.0,226.0,218.0,213.0,213.0,219.0,227.0,227.0,403.0,686.0,640.0,632.0,705.0,432.0,369.0,538.0,722.0,851.0,741.0,742.0,896.0,748.0,780.0,655.0,829.0,667.0,406.0,371.0,380.0,153.0,187.0,201.0,203.0,207.0,222.0,225.0,222.0,227.0,317.0,360.0,400.0,323.0,317.0,280.0,329.0,337.0,263.0,280.0,275.0,228.0,222.0,204.0,150.0,243.0,176.0,181.0,123.0,118.0,108.0,88.0,109.0,63.0,71.0,62.0,54.0,36.0,32.0,32.0,28.0,28.0,27.0,26.0,26.0,21.0,17.0,11.0,10.0,7.0,12.0,11.0,15.0,10.0,14.0,11.0,12.0,13.0,10.0,9.0,10.0,10.0,9.0,13.0,14.0,15.0,11.0,15.0,2.0,6.0,9.0,12.0,15.0,15.0,12.0,6.0,12.0,9.0,11.0,12.0,14.0,13.0,11.0,14.0,12.0,10.0,15.0,14.0,2.0,15.0,13.0,12.0,13.0,14.0,11.0,11.0,13.0,11.0,15.0,13.0
14.0,14.0,12.0,12.0,12.0,14.0,13.0,14.0,6.0,13.0,17.0,12.0,13.0,14.0,12.0,15.0,10.0,12.0,5.0,12.0,11.0,11.0,14.0,14.0,12.0,12.0,12.0,14.0,284.0,454.0,465.0,14.0,12.0,336.0,718.0,772.0,747.0,447.0,197.0,214.0,216.0,234.0,234.0,225.0,230.0,242.0,252.0,255.0,249.0,258.0,632.0,796.0,764.0,686.0,398.0,478.0,669.0,928.0,925.0,757.0,684.0,757.0,749.0,905.0,992.0,714.0,783.0,732.0,696.0,476.0,478.0,450.0,196.0,202.0,210.0,212.0,221.0,223.0,217.0,216.0,217.0,382.0,361.0,280.0,385.0,389.0,447.0,292.0,426.0,387.0,235.0,439.0,317.0,311.0,331.0,180.0,189.0,186.0,167.0,248.0,180.0,143.0,119.0,78.0,78.0,55.0,65.0,45.0,44.0,42.0,49.0,33.0,48.0,28.0,31.0,30.0,21.0,17.0,13.0,12.0,4.0,12.0,13.0,13.0,12.0,14.0,2.0,11.0,10.0,15.0,12.0,12.0,2.0,8.0,16.0,15.0,13.0,6.0,14.0,9.0,14.0,11.0,13.0,4.0,14.0,12.0,10.0,13.0,15.0,11.0,13.0,9.0,8.0,6.0,12.0,11.0,2.0,8.0,3.0,7.0,7.0,7.0,15.0,5.0,9.0,12.0,9.0,8.0,6.0,9.0,12.0,4.0
14.0,7.0,13.0,10.0,14.0,13.0,8.0,10.0,13.0,11.0,15.0,12.0,6.0,10.0,9.0,10.0,11.0,14.0,11.0,6.0,14.0,12.0,10.0,12.0,14.0,255.0,981.0,507.0,633.0,694.0,632.0,669.0,658.0,707.0,629.0,650.0,316.0,237.0,252.0,269.0,277.0,269.0,243.0,247.0,246.0,250.0,266.0,504.0,692.0,775.0,760.0,930.0,1073.0,1022.0,1167.0,930.0,804.0,690.0,717.0,618.0,810.0,978.0,659.0,652.0,729.0,564.0,463.0,493.0,420.0,393.0,195.0,233.0,234.0,247.0,248.0,222.0,234.0,223.0,233.0,404.0,326.0,328.0,396.0,495.0,354.0,435.0,463.0,482.0,291.0,454.0,318.0,291.0,337.0,298.0,189.0,238.0,199.0,176.0,144.0,127.0,98.0,96.0,95.0,69.0,71.0,47.0,52.0,36.0,44.0,34.0,52.0,14.0,18.0,23.0,35.0,28.0,23.0,19.0,14.0,11.0,12.0,12.0,10.0,12.0,12.0,15.0,14.0,13.0,12.0,14.0,12.0,9.0,9.0,12.0,12.0,15.0,10.0,11.0,11.0,13.0,12.0,12.0,11.0,12.0,15.0,14.0,12.0,13.0,14.0,11.0,12.0,9.0,11.0,10.0,15.0,14.0,4.0,11.0,10.0,13.0,13.0,10.0,8.0,13.0,12.0,13.0,14.0,12.0,15.0,14.0,13.0,10.0
13.0,12.0,13.0,13.0,11.0,14.0,10.0,8.0,13.0,12.0,15.0,11.0,10.0,12.0,12.0,11.0,15.0,14.0,11.0,14.0,13.0,14.0,11.0,15.0,16.0,11.0,23.0,36.0,272.0,735.0,978.0,767.0,919.0,871.0,843.0,768.0,705.0,592.0,518.0,199.0,209.0,234.0,228.0,225.0,239.0,204.0,211.0,220.0,184.0,289.0,507.0,540.0,616.0,656.0,615.0,585.0,656.0,888.0,824.0,774.0,745.0,791.0,824.0,685.0,783.0,700.0,579.0,683.0,438.0,404.0,238.0,203.0,236.0,236.0,226.0,217.0,221.0,215.0,355.0,401.0,327.0,323.0,293.0,314.0,213.0,255.0,216.0,201.0,243.0,261.0,141.0,200.0,153.0,176.0,211.0,161.0,150.0,108.0,116.0,89.0,99.0,71.0,61.0,66.0,49.0,42.0,35.0,15.0,15.0,10.0,11.0,13.0,10.0,11.0,12.0,13.0,11.0,14.0,13.0,11.0,14.0,11.0,11.0,12.0,13.0,12.0,14.0,2.0,3.0,4.0,12.0,8.0,11.0,14.0,11.0,14.0,15.0,13.0,9.0,11.0,14.0,15.0,10.0,12.0,13.0,14.0,12.0,3.0,15.0,11.0,12.0,10.0,12.0,9.0,14.0,12.0,11.0,15.0,13.0,15.0,11.0,10.0,11.0,8.0,13.0,2.0,12.0,14.0,9.0,12.0,1.0,14.0
10.0,12.0,11.0,13.0,15.0,11.0,14.0,10.0,9.0,14.0,12.0,8.0,4.0,14.0,15.0,11.0,10.0,15.0,4.0,13.0,9.0,13.0,15.0,34.0,412.0,695.0,675.0,690.0,666.0,645.0,542.0,518.0,510.0,420.0,474.0,376.0,233.0,250.0,253.0,245.0,256.0,226.0,237.0,222.0,262.0,246.0,255.0,252.0,409.0,567.0,475.0,544.0,354.0,417.0,615.0,644.0,630.0,673.0,776.0,846.0,945.0,695.0,731.0,749.0,733.0,761.0,450.0,571.0,559.0,336.0,291.0,163.0,199.0,229.0,240.0,218.0,222.0,233.0,322.0,417.0,295.0,299.0,286.0,297.0,361.0,314.0,266.0,358.0,263.0,247.0,178.0,282.0,188.0,199.0,140.0,92.0,125.0,76.0,86.0,70.0,52.0,57.0,39.0,43.0,46.0,27.0,32.0,39.0,33.0,28.0,23.0,18.0,15.0,15.0,10.0,11.0,10.0,14.0,10.0,9.0,12.0,15.0,13.0,10.0,11.0,13.0,12.0,11.0,10.0,12.0,13.0,18.0,13.0,14.0,13.0,10.0,11.0,13.0,15.0,13.0,16.0,13.0,8.0,15.0,15.0,13.0,12.0,11.0,9.0,8.0,10.0,15.0,14.0,13.0,8.0,11.0,12.0,11.0,11.0,12.0,10.0,12.0,11.0,13.0,10.0,10.0,4.0,13.0,15.0,11.0,11.0,15.0
11.0,10.0,11.0,11.0,6.0,13.0,11.0,15.0,9.0,11.0,13.0,11.0,13.0,14.0,14.0,13.0,13.0,15.0,14.0,10.0,12.0,14.0,9.0,15.0,47.0,691.0,523.0,773.0,692.0,632.0,662.0,875.0,823.0,909.0,770.0,747.0,525.0,465.0,582.0,443.0,499.0,193.0,202.0,250.0,246.0,239.0,239.0,237.0,251.0,220.0,241.0,323.0,700.0,641.0,460.0,376.0,432.0,541.0,560.0,728.0,897.0,828.0,774.0,722.0,681.0,831.0,774.0,430.0,566.0,490.0,394.0,249.0,192.0,215.0,222.0,219.0,211.0,216.0,237.0,250.0,343.0,345.0,340.0,249.0,312.0,290.0,309.0,313.0,338.0,260.0,229.0,336.0,214.0,238.0,185.0,113.0,135.0,135.0,120.0,131.0,88.0,100.0,72.0,61.0,63.0,49.0,43.0,36.0,39.0,30.0,29.0,24.0,29.0,16.0,12.0,12.0,5.0,10.0,14.0,22.0,59.0,105.0,63.0,39.0,27.0,25.0,20.0,27.0,21.0,19.0,21.0,23.0,13.0,9.0,12.0,15.0,10.0,10.0,15.0,14.0,12.0,12.0,12.0,14.0,14.0,14.0,15.0,12.0,9.0,15.0,13.0,15.0,10.0,8.0,15.0,13.0,13.0,10.0,5.0,13.0,10.0,11.0,12.0,11.0,10.0,14.0,10.0,12.0,11.0,13.0,8.0,12.0
10.0,13.0,15.0,10.0,10.0,11.0,14.0,15.0,14.0,10.0,8.0,14.0,14.0,14.0,12.0,14.0,9.0,13.0,12.0,14.0,4.0,12.0,15.0,8.0,25.0,222.0,644.0,709.0,847.0,842.0,755.0,878.0,975.0,1015.0,764.0,729.0,749.0,672.0,743.0,453.0,218.0,254.0,249.0,245.0,262.0,233.0,257.0,274.0,239.0,229.0,249.0,267.0,574.0,630.0,720.0,546.0,704.0,649.0,669.0,724.0,744.0,719.0,799.0,706.0,852.0,751.0,805.0,830.0,652.0,789.0,585.0,683.0,541.0,481.0,259.0,213.0,217.0,235.0,242.0,219.0,221.0,242.0,217.0,241.0,421.0,382.0,357.0,260.0,230.0,213.0,305.0,264.0,222.0,233.0,314.0,295.0,336.0,267.0,270.0,242.0,194.0,199.0,122.0,143.0,110.0,108.0,81.0,75.0,70.0,53.0,67.0,57.0,42.0,44.0,36.0,35.0,31.0,29.0,25.0,18.0,14.0,17.0,12.0,8.0,8.0,10.0,10.0,13.0,60.0,68.0,77.0,63.0,55.0,49.0,24.0,30.0,23.0,20.0,21.0,178.0,197.0,280.0,221.0,115.0,110.0,117.0,74.0,80.0,61.0,76.0,53.0,47.0,68.0,62.0,35.0,23.0,28.0,29.0,20.0,22.0,11.0,19.0,20.0,21.0,26.0,7.0,26.0,12.0,14.0,11.0,10.0,12.0
2.0,15.0,12.0,13.0,13.0,10.0,14.0,9.0,14.0,14.0,0.0,13.0,10.0,14.0,10.0,13.0,12.0,14.0,13.0,3.0,2.0,539.0,999.0,847.0,859.0,718.0,827.0,804.0,756.0,721.0,570.0,547.0,438.0,260.0,219.0,240.0,238.0,205.0,203.0,237.0,227.0,230.0,240.0,282.0,552.0,466.0,596.0,470.0,581.0,595.0,608.0,617.0,702.0,794.0,669.0,600.0,928.0,1021.0,973.0,925.0,786.0,533.0,554.0,532.0,450.0,376.0,232.0,263.0,264.0,254.0,262.0,284.0,264.0,273.0,278.0,337.0,293.0,261.0,229.0,241.0,250.0,248.0,363.0,277.0,287.0,260.0,269.0,196.0,161.0,188.0,132.0,122.0,97.0,94.0,71.0,60.0,57.0,37.0,41.0,36.0,36.0,30.0,21.0,15.0,14.0,13.0,11.0,13.0,14.0,10.0,12.0,14.0,14.0,10.0,10.0,15.0,15.0,2.0,13.0,13.0,15.0,14.0,13.0,11.0,11.0,13.0,12.0,11.0,12.0,13.0,15.0,13.0,14.0,13.0,9.0,13.0,13.0,14.0,11.0,11.0,14.0,12.0,13.0,12.0,14.0,15.0,10.0,15.0,11.0,13.0,12.0,12.0,9.0,10.0,10.0,11.0,12.0,11.0,10.0,4.0,14.0,7.0,7.0,9.0,14.0,15.0,12.0,15.0,13.0,12.0,12.0,14.0
13.0,12.0,11.0,15.0,13.0,15.0,10.0,14.0,13.0,13.0,14.0,10.0,12.0,12.0,15.0,10.0,8.0,10.0,11.0,13.0,10.0,14.0,162.0,400.0,769.0,1236.0,1049.0,758.0,875.0,865.0,755.0,753.0,782.0,721.0,602.0,534.0,464.0,399.0,401.0,361.0,187.0,197.0,195.0,205.0,234.0,212.0,224.0,235.0,204.0,230.0,229.0,466.0,613.0,552.0,605.0,684.0,566.0,465.0,593.0,769.0,789.0,773.0,726.0,820.0,734.0,782.0,706.0,669.0,674.0,603.0,548.0,519.0,425.0,281.0,197.0,214.0,206.0,216.0,181.0,172.0,213.0,265.0,361.0,400.0,295.0,258.0,375.0,349.0,304.0,348.0,345.0,334.0,372.0,333.0,266.0,331.0,336.0,199.0,205.0,145.0,168.0,206.0,148.0,122.0,104.0,69.0,69.0,48.0,53.0,43.0,36.0,46.0,37.0,34.0,38.0,37.0,27.0,22.0,11.0,12.0,12.0,8.0,12.0,12.0,12.0,6.0,13.0,14.0,13.0,12.0,11.0,13.0,11.0,7.0,10.0,12.0,12.0,8.0,15.0,4.0,11.0,3.0,15.0,10.0,13.0,15.0,15.0,11.0,12.0,12.0,9.0,15.0,12.0,3.0,10.0,13.0,10.0,13.0,11.0,13.0,14.0,14.0,12.0,11.0,12.0,8.0,13.0,13.0,12.0,13.0,13.0,10.0
15.0,10.0,12.0,11.0,10.0,13.0,14.0,12.0,14.0,14.0,14.0,13.0,13.0,12.0,13.0,8.0,11.0,9.0,10.0,14.0,14.0,6.0,14.0,11.0,13.0,12.0,13.0,13.0,11.0,11.0,15.0,13.0,11.0,11.0,15.0,13.0,8.0,11.0,13.0,13.0,14.0,14.0,13.0,13.0,10.0,9.0,137.0,475.0,737.0,693.0,641.0,867.0,1006.0,972.0,913.0,766.0,609.0,534.0,404.0,185.0,239.0,237.0,224.0,220.0,236.0,219.0,248.0,249.0,236.0,244.0,228.0,328.0,602.0,511.0,495.0,451.0,332.0,367.0,437.0,541.0,622.0,602.0,621.0,787.0,839.0,801.0,695.0,548.0,389.0,261.0,264.0,315.0,211.0,204.0,226.0,238.0,214.0,202.0,224.0,236.0,326.0,334.0,269.0,223.0,203.0,273.0,297.0,295.0,287.0,232.0,209.0,257.0,278.0,224.0,278.0,183.0,220.0,235.0,174.0,149.0,105.0,106.0,79.0,66.0,87.0,58.0,58.0,54.0,45.0,48.0,40.0,39.0,29.0,20.0,16.0,13.0,13.0,15.0,11.0,10.0,15.0,12.0,14.0,11.0,13.0,14.0,12.0,13.0,14.0,13.0,15.0,4.0,15.0,7.0,13.0,10.0,2.0,11.0,13.0,14.0,13.0,11.0,12.0,9.0,13.0,11.0,11.0,10.0,9.0,9.0,12.0,14.0
